year,rank,gpgi,country,iso3,region
2016,4.0,0.7813,Iceland,ISL,Evropa
2017,4.0,0.7836,Iceland,ISL,Evropa
2018,4.0,0.7999,Iceland,ISL,Evropa
2019,1.0,0.8276,Iceland,ISL,Evropa
2020,1.0,0.8496,Iceland,ISL,Evropa
2021,1.0,0.853,Iceland,ISL,Evropa
2022,1.0,0.864,Iceland,ISL,Evropa
2023,1.0,0.8731,Iceland,ISL,Evropa
2016,3.0,0.7958,Finland,FIN,Evropa
2017,3.0,0.8044,Finland,FIN,Evropa
2018,2.0,0.8195,Finland,FIN,Evropa
2019,2.0,0.8252,Finland,FIN,Evropa
2020,3.0,0.826,Finland,FIN,Evropa
2021,3.0,0.8383,Finland,FIN,Evropa
2022,2.0,0.8451,Finland,FIN,Evropa
2023,2.0,0.8421,Finland,FIN,Evropa
2016,2.0,0.7994,Norway,NOR,Evropa
2017,2.0,0.8059,Norway,NOR,Evropa
2018,1.0,0.8239,Norway,NOR,Evropa
2019,3.0,0.8227,Norway,NOR,Evropa
2020,2.0,0.8404,Norway,NOR,Evropa
2021,2.0,0.8404,Norway,NOR,Evropa
2022,3.0,0.8403,Norway,NOR,Evropa
2023,3.0,0.8417,Norway,NOR,Evropa
2016,1.0,0.8133,Sweden,SWE,Evropa
2017,1.0,0.8146,Sweden,SWE,Evropa
2018,3.0,0.8139,Sweden,SWE,Evropa
2019,4.0,0.8139,Sweden,SWE,Evropa
2020,4.0,0.8024,Sweden,SWE,Evropa
2021,4.0,0.8044,Sweden,SWE,Evropa
2022,4.0,0.8159,Sweden,SWE,Evropa
2023,4.0,0.8129,Sweden,SWE,Evropa
2016,6.0,0.7516,Philippines,PHL,Asie
2017,6.0,0.7629,Philippines,PHL,Asie
2018,6.0,0.7568,Philippines,PHL,Asie
2019,9.0,0.7579,Philippines,PHL,Asie
2020,9.0,0.7654,Philippines,PHL,Asie
2021,8.0,0.7685,Philippines,PHL,Asie
2022,8.0,0.7757,Philippines,PHL,Asie
2023,5.0,0.7832,Philippines,PHL,Asie
2016,10.0,0.7335,Ireland,IRL,Evropa
2017,9.0,0.7457,Ireland,IRL,Evropa
2018,8.0,0.7518,Ireland,IRL,Evropa
2019,8.0,0.7597,Ireland,IRL,Evropa
2020,6.0,0.7773,Ireland,IRL,Evropa
2021,5.0,0.783,Ireland,IRL,Evropa
2022,5.0,0.7839,Ireland,IRL,Evropa
2023,6.0,0.7823,Ireland,IRL,Evropa
2016,7.0,0.7509,New Zealand,NZL,Oceánie
2017,5.0,0.7649,New Zealand,NZL,Oceánie
2018,5.0,0.7859,New Zealand,NZL,Oceánie
2019,5.0,0.788,New Zealand,NZL,Oceánie
2020,5.0,0.7808,New Zealand,NZL,Oceánie
2021,6.0,0.781,New Zealand,NZL,Oceánie
2022,6.0,0.7805,New Zealand,NZL,Oceánie
2023,7.0,0.7799,New Zealand,NZL,Oceánie
2016,8.0,0.7462,Denmark,DNK,Evropa
2017,8.0,0.7519,Denmark,DNK,Evropa
2018,7.0,0.7538,Denmark,DNK,Evropa
2019,7.0,0.7628,Denmark,DNK,Evropa
2020,7.0,0.7719,Denmark,DNK,Evropa
2021,7.0,0.7778,Denmark,DNK,Evropa
2022,7.0,0.7777,Denmark,DNK,Evropa
2023,8.0,0.7779,Denmark,DNK,Evropa
2016,26.0,0.6997,Switzerland,CHE,Evropa
2017,40.0,0.6924,Switzerland,CHE,Evropa
2018,14.0,0.736,Switzerland,CHE,Evropa
2019,13.0,0.7426,Switzerland,CHE,Evropa
2020,10.0,0.7562,Switzerland,CHE,Evropa
2021,10.0,0.7627,Switzerland,CHE,Evropa
2022,10.0,0.7672,Switzerland,CHE,Evropa
2023,9.0,0.7736,Switzerland,CHE,Evropa
2016,62.0,0.6566,Nicaragua,NIC,Amerika
2017,90.0,0.6458,Nicaragua,NIC,Amerika
2018,71.0,0.6747,Nicaragua,NIC,Amerika
2019,49.0,0.7002,Nicaragua,NIC,Amerika
2020,30.0,0.7176,Nicaragua,NIC,Amerika
2021,27.0,0.7245,Nicaragua,NIC,Amerika
2022,9.0,0.7697,Nicaragua,NIC,Amerika
2023,10.0,0.7715,Nicaragua,NIC,Amerika
2016,20.0,0.7078,Belgium,BEL,Evropa
2017,19.0,0.7198,Belgium,BEL,Evropa
2018,28.0,0.7163,Belgium,BEL,Evropa
2019,33.0,0.7165,Belgium,BEL,Evropa
2020,14.0,0.7509,Belgium,BEL,Evropa
2021,13.0,0.7531,Belgium,BEL,Evropa
2022,12.0,0.7652,Belgium,BEL,Evropa
2023,11.0,0.7684,Belgium,BEL,Evropa
2016,19.0,0.7091,Latvia,LVA,Evropa
2017,13.0,0.7333,Latvia,LVA,Evropa
2018,10.0,0.7397,Latvia,LVA,Evropa
2019,14.0,0.7416,Latvia,LVA,Evropa
2020,18.0,0.7429,Latvia,LVA,Evropa
2021,19.0,0.7399,Latvia,LVA,Evropa
2022,15.0,0.7572,Latvia,LVA,Evropa
2023,12.0,0.761,Latvia,LVA,Evropa
2016,12.0,0.725,Netherlands,NLD,Evropa
2017,12.0,0.7383,Netherlands,NLD,Evropa
2018,9.0,0.7399,Netherlands,NLD,Evropa
2019,11.0,0.749,Netherlands,NLD,Evropa
2020,17.0,0.7444,Netherlands,NLD,Evropa
2021,15.0,0.747,Netherlands,NLD,Evropa
2022,11.0,0.7659,Netherlands,NLD,Evropa
2023,13.0,0.7608,Netherlands,NLD,Evropa
2016,5.0,0.7524,Germany,DEU,Evropa
2017,7.0,0.7618,Germany,DEU,Evropa
2018,11.0,0.7394,Germany,DEU,Evropa
2019,12.0,0.7449,Germany,DEU,Evropa
2020,13.0,0.753,Germany,DEU,Evropa
2021,11.0,0.759,Germany,DEU,Evropa
2022,13.0,0.7629,Germany,DEU,Evropa
2023,14.0,0.7583,Germany,DEU,Evropa
2016,,0.7169,Cuba,CUB,Amerika
2017,22.0,0.7169,Cuba,CUB,Amerika
2018,25.0,0.7195,Cuba,CUB,Amerika
2019,29.0,0.7176,Cuba,CUB,Amerika
2020,24.0,0.7253,Cuba,CUB,Amerika
2021,20.0,0.7394,Cuba,CUB,Amerika
2022,19.0,0.7417,Cuba,CUB,Amerika
2023,15.0,0.754,Cuba,CUB,Amerika
2016,43.0,0.6807,Lesotho,LSO,Afrika
2017,26.0,0.7078,Lesotho,LSO,Afrika
2018,16.0,0.732,Lesotho,LSO,Afrika
2019,10.0,0.7495,Lesotho,LSO,Afrika
2020,8.0,0.7678,Lesotho,LSO,Afrika
2021,9.0,0.7666,Lesotho,LSO,Afrika
2022,14.0,0.7608,Lesotho,LSO,Afrika
2023,16.0,0.753,Lesotho,LSO,Afrika
2016,18.0,0.7125,South Africa,ZAF,Afrika
2017,20.0,0.7194,South Africa,ZAF,Afrika
2018,22.0,0.7232,South Africa,ZAF,Afrika
2019,6.0,0.7709,South Africa,ZAF,Afrika
2020,12.0,0.7535,South Africa,ZAF,Afrika
2021,14.0,0.7478,South Africa,ZAF,Afrika
2022,16.0,0.7496,South Africa,ZAF,Afrika
2023,17.0,0.751,South Africa,ZAF,Afrika
2016,9.0,0.7365,United Kingdom,GBR,Evropa
2017,11.0,0.7441,United Kingdom,GBR,Evropa
2018,13.0,0.7366,United Kingdom,GBR,Evropa
2019,15.0,0.7402,United Kingdom,GBR,Evropa
2020,15.0,0.746,United Kingdom,GBR,Evropa
2021,16.0,0.7462,United Kingdom,GBR,Evropa
2022,18.0,0.7433,United Kingdom,GBR,Evropa
2023,18.0,0.744,United Kingdom,GBR,Evropa
2016,27.0,0.6986,Austria,AUT,Evropa
2017,27.0,0.706,Austria,AUT,Evropa
2018,29.0,0.7153,Austria,AUT,Evropa
2019,42.0,0.7031,Austria,AUT,Evropa
2020,37.0,0.7091,Austria,AUT,Evropa
2021,34.0,0.7165,Austria,AUT,Evropa
2022,20.0,0.7391,Austria,AUT,Evropa
2023,19.0,0.7437,Austria,AUT,Evropa
2016,14.0,0.7165,Canada,CAN,Amerika
2017,18.0,0.7198,Canada,CAN,Amerika
2018,31.0,0.7136,Canada,CAN,Amerika
2019,25.0,0.7196,Canada,CAN,Amerika
2020,20.0,0.7372,Canada,CAN,Amerika
2021,18.0,0.7407,Canada,CAN,Amerika
2022,21.0,0.7381,Canada,CAN,Amerika
2023,20.0,0.7425,Canada,CAN,Amerika
2016,56.0,0.6671,Luxembourg,LUX,Evropa
2017,58.0,0.6786,Luxembourg,LUX,Evropa
2018,66.0,0.6802,Luxembourg,LUX,Evropa
2019,63.0,0.6889,Luxembourg,LUX,Evropa
2020,26.0,0.7231,Luxembourg,LUX,Evropa
2021,30.0,0.7216,Luxembourg,LUX,Evropa
2022,17.0,0.7439,Luxembourg,LUX,Evropa
2023,21.0,0.741,Luxembourg,LUX,Evropa
2016,,,Burundi,BDI,Afrika
2017,,,Burundi,BDI,Afrika
2018,,,Burundi,BDI,Afrika
2019,,,Burundi,BDI,Afrika
2020,,,Burundi,BDI,Afrika
2021,24.0,0.727,Burundi,BDI,Afrika
2022,24.0,0.7338,Burundi,BDI,Afrika
2023,22.0,0.7397,Burundi,BDI,Afrika
2016,23.0,0.7042,United States,USA,Amerika
2017,31.0,0.7002,United States,USA,Amerika
2018,27.0,0.7179,United States,USA,Amerika
2019,31.0,0.7173,United States,USA,Amerika
2020,19.0,0.7411,United States,USA,Amerika
2021,17.0,0.7412,United States,USA,Amerika
2022,22.0,0.7373,United States,USA,Amerika
2023,23.0,0.7392,United States,USA,Amerika
2016,15.0,0.7163,Australia,AUS,Oceánie
2017,17.0,0.7204,Australia,AUS,Oceánie
2018,21.0,0.7241,Australia,AUS,Oceánie
2019,20.0,0.7282,Australia,AUS,Oceánie
2020,23.0,0.7271,Australia,AUS,Oceánie
2021,23.0,0.7291,Australia,AUS,Oceánie
2022,25.0,0.7294,Australia,AUS,Oceánie
2023,24.0,0.739,Australia,AUS,Oceánie
2016,82.0,0.6433,Ecuador,ECU,Amerika
2017,44.0,0.6881,Ecuador,ECU,Amerika
2018,35.0,0.7091,Ecuador,ECU,Amerika
2019,23.0,0.722,Ecuador,ECU,Amerika
2020,40.0,0.7072,Ecuador,ECU,Amerika
2021,45.0,0.7035,Ecuador,ECU,Amerika
2022,33.0,0.7206,Ecuador,ECU,Amerika
2023,25.0,0.7389,Ecuador,ECU,Amerika
2016,,0.6883,Mozambique,MOZ,Afrika
2017,43.0,0.6883,Mozambique,MOZ,Afrika
2018,18.0,0.7266,Mozambique,MOZ,Afrika
2019,26.0,0.7195,Mozambique,MOZ,Afrika
2020,22.0,0.7329,Mozambique,MOZ,Afrika
2021,26.0,0.7251,Mozambique,MOZ,Afrika
2022,23.0,0.735,Mozambique,MOZ,Afrika
2023,26.0,0.7349,Mozambique,MOZ,Afrika
2016,87.0,0.6335,Bolivia,BOL,Amerika
2017,80.0,0.6574,Bolivia,BOL,Amerika
2018,80.0,0.6667,Bolivia,BOL,Amerika
2019,82.0,0.6693,Bolivia,BOL,Amerika
2020,76.0,0.6751,Bolivia,BOL,Amerika
2021,62.0,0.6862,Bolivia,BOL,Amerika
2022,30.0,0.7222,Bolivia,BOL,Amerika
2023,27.0,0.734,Bolivia,BOL,Amerika
2016,21.0,0.7077,Lithuania,LTU,Evropa
2017,14.0,0.7234,Lithuania,LTU,Evropa
2018,23.0,0.7222,Lithuania,LTU,Evropa
2019,30.0,0.7175,Lithuania,LTU,Evropa
2020,35.0,0.7132,Lithuania,LTU,Evropa
2021,37.0,0.7131,Lithuania,LTU,Evropa
2022,34.0,0.7191,Lithuania,LTU,Evropa
2023,28.0,0.7308,Lithuania,LTU,Evropa
2016,,,Barbados,BRB,Amerika
2017,,,Barbados,BRB,Amerika
2018,26.0,0.7188,Barbados,BRB,Amerika
2019,21.0,0.7236,Barbados,BRB,Amerika
2020,31.0,0.7176,Barbados,BRB,Amerika
2021,33.0,0.717,Barbados,BRB,Amerika
2022,27.0,0.7232,Barbados,BRB,Amerika
2023,29.0,0.7301,Barbados,BRB,Amerika
2016,11.0,0.7319,Spain,ESP,Evropa
2017,10.0,0.7444,Spain,ESP,Evropa
2018,17.0,0.7281,Spain,ESP,Evropa
2019,17.0,0.7345,Spain,ESP,Evropa
2020,11.0,0.7554,Spain,ESP,Evropa
2021,12.0,0.758,Spain,ESP,Evropa
2022,26.0,0.7266,Spain,ESP,Evropa
2023,30.0,0.7266,Spain,ESP,Evropa
2016,30.0,0.6936,Costa Rica,CRI,Amerika
2017,28.0,0.7014,Costa Rica,CRI,Amerika
2018,32.0,0.7111,Costa Rica,CRI,Amerika
2019,27.0,0.718,Costa Rica,CRI,Amerika
2020,28.0,0.7194,Costa Rica,CRI,Amerika
2021,25.0,0.7266,Costa Rica,CRI,Amerika
2022,29.0,0.7225,Costa Rica,CRI,Amerika
2023,31.0,0.7241,Costa Rica,CRI,Amerika
2016,32.0,0.6928,Kazakhstan,KAZ,Asie
2017,32.0,0.6983,Kazakhstan,KAZ,Asie
2018,45.0,0.6976,Kazakhstan,KAZ,Asie
2019,47.0,0.7013,Kazakhstan,KAZ,Asie
2020,41.0,0.7055,Kazakhstan,KAZ,Asie
2021,49.0,0.701,Kazakhstan,KAZ,Asie
2022,31.0,0.7213,Kazakhstan,KAZ,Asie
2023,32.0,0.7218,Kazakhstan,KAZ,Asie
2016,42.0,0.6821,Mongolia,MNG,Asie
2017,62.0,0.6731,Mongolia,MNG,Asie
2018,40.0,0.7049,Mongolia,MNG,Asie
2019,22.0,0.7221,Mongolia,MNG,Asie
2020,27.0,0.7194,Mongolia,MNG,Asie
2021,36.0,0.714,Mongolia,MNG,Asie
2022,44.0,0.7111,Mongolia,MNG,Asie
2023,33.0,0.7204,Mongolia,MNG,Asie
2016,41.0,0.6829,Argentina,ARG,Amerika
2017,33.0,0.6982,Argentina,ARG,Amerika
2018,24.0,0.7209,Argentina,ARG,Amerika
2019,24.0,0.7211,Argentina,ARG,Amerika
2020,29.0,0.7187,Argentina,ARG,Amerika
2021,28.0,0.7236,Argentina,ARG,Amerika
2022,32.0,0.7212,Argentina,ARG,Amerika
2023,34.0,0.7195,Argentina,ARG,Amerika
2016,22.0,0.7049,Colombia,COL,Amerika
2017,24.0,0.709,Colombia,COL,Amerika
2018,50.0,0.6944,Colombia,COL,Amerika
2019,56.0,0.6939,Colombia,COL,Amerika
2020,55.0,0.6927,Colombia,COL,Amerika
2021,80.0,0.6714,Colombia,COL,Amerika
2022,63.0,0.6901,Colombia,COL,Amerika
2023,35.0,0.7171,Colombia,COL,Amerika
2016,45.0,0.6797,Trinidad and Tobago,TTO,Amerika
2017,46.0,0.6859,Trinidad and Tobago,TTO,Amerika
2018,19.0,0.7245,Trinidad and Tobago,TTO,Amerika
2019,19.0,0.7298,Trinidad and Tobago,TTO,Amerika
2020,21.0,0.7353,Trinidad and Tobago,TTO,Amerika
2021,21.0,0.7372,Trinidad and Tobago,TTO,Amerika
2022,43.0,0.7116,Trinidad and Tobago,TTO,Amerika
2023,36.0,0.7166,Trinidad and Tobago,TTO,Amerika
2016,31.0,0.6935,Panama,PAN,Amerika
2017,38.0,0.6954,Panama,PAN,Amerika
2018,34.0,0.7095,Panama,PAN,Amerika
2019,43.0,0.7024,Panama,PAN,Amerika
2020,39.0,0.7072,Panama,PAN,Amerika
2021,40.0,0.7042,Panama,PAN,Amerika
2022,40.0,0.7122,Panama,PAN,Amerika
2023,37.0,0.7164,Panama,PAN,Amerika
2016,51.0,0.6745,Slovenia,SVN,Evropa
2017,49.0,0.6842,Slovenia,SVN,Evropa
2018,51.0,0.6937,Slovenia,SVN,Evropa
2019,52.0,0.6982,Slovenia,SVN,Evropa
2020,42.0,0.7047,Slovenia,SVN,Evropa
2021,41.0,0.7041,Slovenia,SVN,Evropa
2022,38.0,0.7132,Slovenia,SVN,Evropa
2023,38.0,0.7155,Slovenia,SVN,Evropa
2016,81.0,0.6437,Malawi,MWI,Afrika
2017,87.0,0.648,Malawi,MWI,Afrika
2018,81.0,0.6664,Malawi,MWI,Afrika
2019,76.0,0.6738,Malawi,MWI,Afrika
2020,68.0,0.6824,Malawi,MWI,Afrika
2021,65.0,0.685,Malawi,MWI,Afrika
2022,36.0,0.7166,Malawi,MWI,Afrika
2023,39.0,0.7139,Malawi,MWI,Afrika
2016,,,Bahamas,BHS,Amerika
2017,,,Bahamas,BHS,Amerika
2018,,,Bahamas,BHS,Amerika
2019,28.0,0.7179,Bahamas,BHS,Amerika
2020,36.0,0.7128,Bahamas,BHS,Amerika
2021,22.0,0.734,Bahamas,BHS,Amerika
2022,37.0,0.7156,Bahamas,BHS,Amerika
2023,40.0,0.7128,Bahamas,BHS,Amerika
2016,,,Cape Verde,CPV,Afrika
2017,,,Cape Verde,CPV,Afrika
2018,,,Cape Verde,CPV,Afrika
2019,,,Cape Verde,CPV,Afrika
2020,,,Cape Verde,CPV,Afrika
2021,,,Cape Verde,CPV,Afrika
2022,35.0,0.718,Cape Verde,CPV,Afrika
2023,41.0,0.7122,Cape Verde,CPV,Afrika
2016,,,Serbia,SRB,Evropa
2017,,,Serbia,SRB,Evropa
2018,,,Serbia,SRB,Evropa
2019,,,Serbia,SRB,Evropa
2020,,,Serbia,SRB,Evropa
2021,,,Serbia,SRB,Evropa
2022,50.0,0.7037,Serbia,SRB,Evropa
2023,42.0,0.7116,Serbia,SRB,Evropa
2016,37.0,0.687,Bulgaria,BGR,Evropa
2017,25.0,0.7085,Bulgaria,BGR,Evropa
2018,36.0,0.7077,Bulgaria,BGR,Evropa
2019,38.0,0.7072,Bulgaria,BGR,Evropa
2020,50.0,0.6983,Bulgaria,BGR,Evropa
2021,51.0,0.6987,Bulgaria,BGR,Evropa
2022,52.0,0.7021,Bulgaria,BGR,Evropa
2023,43.0,0.7097,Bulgaria,BGR,Evropa
2016,38.0,0.6864,Namibia,NAM,Afrika
2017,29.0,0.7012,Namibia,NAM,Afrika
2018,30.0,0.7141,Namibia,NAM,Afrika
2019,32.0,0.7167,Namibia,NAM,Afrika
2020,25.0,0.7238,Namibia,NAM,Afrika
2021,32.0,0.7177,Namibia,NAM,Afrika
2022,41.0,0.7121,Namibia,NAM,Afrika
2023,44.0,0.7094,Namibia,NAM,Afrika
2016,70.0,0.652,France,FRA,Evropa
2017,51.0,0.6824,France,FRA,Evropa
2018,15.0,0.7341,France,FRA,Evropa
2019,18.0,0.7331,France,FRA,Evropa
2020,46.0,0.7025,France,FRA,Evropa
2021,48.0,0.7018,France,FRA,Evropa
2022,57.0,0.6984,France,FRA,Evropa
2023,45.0,0.7089,France,FRA,Evropa
2016,47.0,0.6797,Uganda,UGA,Afrika
2017,50.0,0.6833,Uganda,UGA,Afrika
2018,43.0,0.6981,Uganda,UGA,Afrika
2019,40.0,0.7067,Uganda,UGA,Afrika
2020,33.0,0.7169,Uganda,UGA,Afrika
2021,29.0,0.722,Uganda,UGA,Afrika
2022,28.0,0.7228,Uganda,UGA,Afrika
2023,46.0,0.7086,Uganda,UGA,Afrika
2016,25.0,0.7014,Jamica,JAM,Amerika
2017,39.0,0.6925,Jamica,JAM,Amerika
2018,44.0,0.698,Jamica,JAM,Amerika
2019,48.0,0.7013,Jamica,JAM,Amerika
2020,44.0,0.7037,Jamica,JAM,Amerika
2021,47.0,0.7028,Jamica,JAM,Amerika
2022,51.0,0.7035,Jamica,JAM,Amerika
2023,47.0,0.7085,Jamica,JAM,Amerika
2016,,,Guyana,GUY,Amerika
2017,,,Guyana,GUY,Amerika
2018,,,Guyana,GUY,Amerika
2019,35.0,0.7108,Guyana,GUY,Amerika
2020,38.0,0.709,Guyana,GUY,Amerika
2021,38.0,0.7084,Guyana,GUY,Amerika
2022,42.0,0.7119,Guyana,GUY,Amerika
2023,48.0,0.7085,Guyana,GUY,Amerika
2016,16.0,0.7145,Croatia,HRV,Evropa
2017,16.0,0.721,Croatia,HRV,Evropa
2018,46.0,0.6967,Croatia,HRV,Evropa
2019,54.0,0.6944,Croatia,HRV,Evropa
2020,53.0,0.6939,Croatia,HRV,Evropa
2021,50.0,0.7006,Croatia,HRV,Evropa
2022,49.0,0.7053,Croatia,HRV,Evropa
2023,49.0,0.7069,Croatia,HRV,Evropa
2016,57.0,0.6664,Venezuela,VEN,Amerika
2017,55.0,0.6797,Venezuela,VEN,Amerika
2018,59.0,0.6875,Venezuela,VEN,Amerika
2019,69.0,0.6839,Venezuela,VEN,Amerika
2020,64.0,0.6863,Venezuela,VEN,Amerika
2021,63.0,0.6861,Venezuela,VEN,Amerika
2022,48.0,0.706,Venezuela,VEN,Amerika
2023,50.0,0.706,Venezuela,VEN,Amerika
2016,33.0,0.6922,Portugal,PRT,Evropa
2017,37.0,0.6959,Portugal,PRT,Evropa
2018,39.0,0.7051,Portugal,PRT,Evropa
2019,46.0,0.7013,Portugal,PRT,Evropa
2020,32.0,0.7171,Portugal,PRT,Evropa
2021,35.0,0.7144,Portugal,PRT,Evropa
2022,47.0,0.7071,Portugal,PRT,Evropa
2023,51.0,0.7056,Portugal,PRT,Evropa
2016,17.0,0.7128,Moldova,MDA,Evropa
2017,21.0,0.7172,Moldova,MDA,Evropa
2018,20.0,0.7244,Moldova,MDA,Evropa
2019,36.0,0.7104,Moldova,MDA,Evropa
2020,34.0,0.716,Moldova,MDA,Evropa
2021,39.0,0.7083,Moldova,MDA,Evropa
2022,45.0,0.7101,Moldova,MDA,Evropa
2023,52.0,0.7037,Moldova,MDA,Evropa
2016,35.0,0.6889,Israel,ISR,Asie
2017,36.0,0.6965,Israel,ISR,Asie
2018,56.0,0.69,Israel,ISR,Asie
2019,45.0,0.7019,Israel,ISR,Asie
2020,52.0,0.6957,Israel,ISR,Asie
2021,55.0,0.6926,Israel,ISR,Asie
2022,56.0,0.6989,Israel,ISR,Asie
2023,53.0,0.7032,Israel,ISR,Asie
2016,44.0,0.6802,Poland,POL,Evropa
2017,60.0,0.6756,Poland,POL,Evropa
2018,49.0,0.6951,Poland,POL,Evropa
2019,50.0,0.6998,Poland,POL,Evropa
2020,43.0,0.7037,Poland,POL,Evropa
2021,42.0,0.7038,Poland,POL,Evropa
2022,53.0,0.7015,Poland,POL,Evropa
2023,54.0,0.7031,Poland,POL,Evropa
2016,13.0,0.7199,Sri Lanka,LKA,Asie
2017,15.0,0.723,Sri Lanka,LKA,Asie
2018,12.0,0.7371,Sri Lanka,LKA,Asie
2019,16.0,0.7402,Sri Lanka,LKA,Asie
2020,16.0,0.7458,Sri Lanka,LKA,Asie
2021,31.0,0.7212,Sri Lanka,LKA,Asie
2022,39.0,0.7122,Sri Lanka,LKA,Asie
2023,55.0,0.7019,Sri Lanka,LKA,Asie
2016,84.0,0.6385,Madagascar,MDG,Afrika
2017,89.0,0.6461,Madagascar,MDG,Afrika
2018,74.0,0.6736,Madagascar,MDG,Afrika
2019,77.0,0.6732,Madagascar,MDG,Afrika
2020,80.0,0.6713,Madagascar,MDG,Afrika
2021,71.0,0.6797,Madagascar,MDG,Afrika
2022,58.0,0.6982,Madagascar,MDG,Afrika
2023,56.0,0.7016,Madagascar,MDG,Afrika
2016,28.0,0.6983,"Macedonia, FYR",MKD,Evropa
2017,35.0,0.6967,"Macedonia, FYR",MKD,Evropa
2018,53.0,0.6914,"Macedonia, FYR",MKD,Evropa
2019,53.0,0.695,"Macedonia, FYR",MKD,Evropa
2020,49.0,0.6996,"Macedonia, FYR",MKD,Evropa
2021,53.0,0.6966,"Macedonia, FYR",MKD,Evropa
2022,61.0,0.6968,"Macedonia, FYR",MKD,Evropa
2023,57.0,0.7013,"Macedonia, FYR",MKD,Evropa
2016,65.0,0.655,Singapore,SGP,Asie
2017,77.0,0.6609,Singapore,SGP,Asie
2018,84.0,0.6625,Singapore,SGP,Asie
2019,84.0,0.6664,Singapore,SGP,Asie
2020,56.0,0.6914,Singapore,SGP,Asie
2021,57.0,0.6914,Singapore,SGP,Asie
2022,55.0,0.6989,Singapore,SGP,Asie
2023,58.0,0.7,Singapore,SGP,Asie
2016,29.0,0.6944,Estonia,EST,Evropa
2017,30.0,0.7008,Estonia,EST,Evropa
2018,37.0,0.7076,Estonia,EST,Evropa
2019,37.0,0.7094,Estonia,EST,Evropa
2020,47.0,0.7018,Estonia,EST,Evropa
2021,52.0,0.6983,Estonia,EST,Evropa
2022,60.0,0.6977,Estonia,EST,Evropa
2023,59.0,0.6997,Estonia,EST,Evropa
2016,,,Lao PDR*,LAO,Asie
2017,,,Lao PDR*,LAO,Asie
2018,,,Lao PDR*,LAO,Asie
2019,,,Lao PDR*,LAO,Asie
2020,,,Lao PDR*,LAO,Asie
2021,,,Lao PDR*,LAO,Asie
2022,,,Lao PDR*,LAO,Asie
2023,60.0,0.6993,Lao PDR*,LAO,Asie
2016,49.0,0.677,Russian Federation,RUS,Evropa
2017,45.0,0.6866,Russian Federation,RUS,Evropa
2018,42.0,0.6994,Russian Federation,RUS,Evropa
2019,51.0,0.6987,Russian Federation,RUS,Evropa
2020,45.0,0.7036,Russian Federation,RUS,Evropa
2021,43.0,0.7037,Russian Federation,RUS,Evropa
2022,59.0,0.698,Russian Federation,RUS,Evropa
2023,61.0,0.6983,Russian Federation,RUS,Evropa
2016,67.0,0.6543,Brazil,BRA,Amerika
2017,74.0,0.6637,Brazil,BRA,Amerika
2018,73.0,0.6737,Brazil,BRA,Amerika
2019,81.0,0.6695,Brazil,BRA,Amerika
2020,85.0,0.6655,Brazil,BRA,Amerika
2021,82.0,0.6679,Brazil,BRA,Amerika
2022,62.0,0.6909,Brazil,BRA,Amerika
2023,62.0,0.6949,Brazil,BRA,Amerika
2016,52.0,0.6742,Kyrgyz Republic,KGZ,Asie
2017,70.0,0.6653,Kyrgyz Republic,KGZ,Asie
2018,41.0,0.7045,Kyrgyz Republic,KGZ,Asie
2019,41.0,0.7058,Kyrgyz Republic,KGZ,Asie
2020,51.0,0.6973,Kyrgyz Republic,KGZ,Asie
2021,44.0,0.7036,Kyrgyz Republic,KGZ,Asie
2022,54.0,0.7013,Kyrgyz Republic,KGZ,Asie
2023,63.0,0.6948,Kyrgyz Republic,KGZ,Asie
2016,48.0,0.6797,Ukraine,UKR,Evropa
2017,57.0,0.679,Ukraine,UKR,Evropa
2018,62.0,0.6856,Ukraine,UKR,Evropa
2019,61.0,0.6896,Ukraine,UKR,Evropa
2020,63.0,0.6869,Ukraine,UKR,Evropa
2021,64.0,0.6861,Ukraine,UKR,Evropa
2022,64.0,0.6894,Ukraine,UKR,Evropa
2023,64.0,0.6935,Ukraine,UKR,Evropa
2016,40.0,0.6831,Thailand,THA,Asie
2017,52.0,0.6815,Thailand,THA,Asie
2018,52.0,0.6917,Thailand,THA,Asie
2019,59.0,0.6907,Thailand,THA,Asie
2020,57.0,0.691,Thailand,THA,Asie
2021,60.0,0.6892,Thailand,THA,Asie
2022,65.0,0.6893,Thailand,THA,Asie
2023,65.0,0.6928,Thailand,THA,Asie
2016,24.0,0.7038,Tanzania,TZA,Afrika
2017,34.0,0.6969,Tanzania,TZA,Afrika
2018,38.0,0.7068,Tanzania,TZA,Afrika
2019,73.0,0.6797,Tanzania,TZA,Afrika
2020,66.0,0.6829,Tanzania,TZA,Afrika
2021,59.0,0.6904,Tanzania,TZA,Afrika
2022,46.0,0.7091,Tanzania,TZA,Afrika
2023,66.0,0.6928,Tanzania,TZA,Afrika
2016,,,Senegal,SEN,Afrika
2017,,,Senegal,SEN,Afrika
2018,,,Senegal,SEN,Afrika
2019,102.0,0.6427,Senegal,SEN,Afrika
2020,101.0,0.6414,Senegal,SEN,Afrika
2021,92.0,0.6573,Senegal,SEN,Afrika
2022,90.0,0.6657,Senegal,SEN,Afrika
2023,67.0,0.6923,Senegal,SEN,Afrika
2016,75.0,0.6462,Mexico,MEX,Amerika
2017,93.0,0.6441,Mexico,MEX,Amerika
2018,97.0,0.6441,Mexico,MEX,Amerika
2019,98.0,0.6503,Mexico,MEX,Amerika
2020,91.0,0.6577,Mexico,MEX,Amerika
2021,89.0,0.6604,Mexico,MEX,Amerika
2022,84.0,0.6712,Mexico,MEX,Amerika
2023,68.0,0.6917,Mexico,MEX,Amerika
2016,63.0,0.6561,China,CHN,Asie
2017,73.0,0.6643,China,CHN,Asie
2018,57.0,0.6878,China,CHN,Asie
2019,60.0,0.6907,China,CHN,Asie
2020,61.0,0.6881,China,CHN,Asie
2021,61.0,0.6866,China,CHN,Asie
2022,69.0,0.6853,China,CHN,Asie
2023,69.0,0.6908,China,CHN,Asie
2016,46.0,0.6797,Romania,ROU,Evropa
2017,47.0,0.6859,Romania,ROU,Evropa
2018,70.0,0.6763,Romania,ROU,Evropa
2019,70.0,0.6805,Romania,ROU,Evropa
2020,67.0,0.6826,Romania,ROU,Evropa
2021,68.0,0.6812,Romania,ROU,Evropa
2022,67.0,0.6859,Romania,ROU,Evropa
2023,70.0,0.6908,Romania,ROU,Evropa
2016,77.0,0.6456,Italy,ITA,Evropa
2017,84.0,0.6498,Italy,ITA,Evropa
2018,67.0,0.6788,Italy,ITA,Evropa
2019,72.0,0.6798,Italy,ITA,Evropa
2020,74.0,0.6765,Italy,ITA,Evropa
2021,74.0,0.6796,Italy,ITA,Evropa
2022,80.0,0.6729,Italy,ITA,Evropa
2023,71.0,0.6885,Italy,ITA,Evropa
2016,59.0,0.6639,Dominican Republic,DOM,Amerika
2017,65.0,0.6705,Dominican Republic,DOM,Amerika
2018,72.0,0.6744,Dominican Republic,DOM,Amerika
2019,67.0,0.6859,Dominican Republic,DOM,Amerika
2020,73.0,0.6774,Dominican Republic,DOM,Amerika
2021,81.0,0.6682,Dominican Republic,DOM,Amerika
2022,89.0,0.6659,Dominican Republic,DOM,Amerika
2023,72.0,0.6867,Dominican Republic,DOM,Amerika
2016,,0.6889,Vietnam,VNM,Asie
2017,42.0,0.6889,Vietnam,VNM,Asie
2018,68.0,0.6778,Vietnam,VNM,Asie
2019,71.0,0.6802,Vietnam,VNM,Asie
2020,72.0,0.6776,Vietnam,VNM,Asie
2021,79.0,0.6732,Vietnam,VNM,Asie
2022,66.0,0.6867,Vietnam,VNM,Asie
2023,73.0,0.6863,Vietnam,VNM,Asie
2016,50.0,0.6757,Slovak Republic,SVK,Evropa
2017,54.0,0.6797,Slovak Republic,SVK,Evropa
2018,64.0,0.6824,Slovak Republic,SVK,Evropa
2019,68.0,0.6845,Slovak Republic,SVK,Evropa
2020,71.0,0.6778,Slovak Republic,SVK,Evropa
2021,72.0,0.6797,Slovak Republic,SVK,Evropa
2022,70.0,0.6824,Slovak Republic,SVK,Evropa
2023,74.0,0.6857,Slovak Republic,SVK,Evropa
2016,91.0,0.627,Bangladesh,BGD,Asie
2017,100.0,0.6314,Bangladesh,BGD,Asie
2018,90.0,0.6531,Bangladesh,BGD,Asie
2019,93.0,0.6526,Bangladesh,BGD,Asie
2020,82.0,0.6702,Bangladesh,BGD,Asie
2021,69.0,0.6812,Bangladesh,BGD,Asie
2022,86.0,0.6684,Bangladesh,BGD,Asie
2023,75.0,0.6848,Bangladesh,BGD,Asie
2016,58.0,0.6653,Ghana,GHA,Afrika
2017,63.0,0.6725,Ghana,GHA,Afrika
2018,77.0,0.6679,Ghana,GHA,Afrika
2019,80.0,0.6704,Ghana,GHA,Afrika
2020,70.0,0.6782,Ghana,GHA,Afrika
2021,70.0,0.6811,Ghana,GHA,Afrika
2022,71.0,0.6778,Ghana,GHA,Afrika
2023,76.0,0.6811,Ghana,GHA,Afrika
2016,66.0,0.6549,Uruguay,URY,Amerika
2017,78.0,0.6608,Uruguay,URY,Amerika
2018,54.0,0.6907,Uruguay,URY,Amerika
2019,57.0,0.6936,Uruguay,URY,Amerika
2020,59.0,0.6897,Uruguay,URY,Amerika
2021,58.0,0.6907,Uruguay,URY,Amerika
2022,76.0,0.6745,Uruguay,URY,Amerika
2023,77.0,0.6803,Uruguay,URY,Amerika
2016,73.0,0.6486,Kenya,KEN,Afrika
2017,83.0,0.6508,Kenya,KEN,Afrika
2018,88.0,0.6547,Kenya,KEN,Afrika
2019,97.0,0.6512,Kenya,KEN,Afrika
2020,96.0,0.6499,Kenya,KEN,Afrika
2021,99.0,0.6493,Kenya,KEN,Afrika
2022,72.0,0.6768,Kenya,KEN,Afrika
2023,78.0,0.6803,Kenya,KEN,Afrika
2016,83.0,0.643,Cyprus,CYP,Asie
2017,82.0,0.6522,Cyprus,CYP,Asie
2018,76.0,0.6694,Cyprus,CYP,Asie
2019,79.0,0.6706,Cyprus,CYP,Asie
2020,86.0,0.6642,Cyprus,CYP,Asie
2021,93.0,0.6567,Cyprus,CYP,Asie
2022,79.0,0.6732,Cyprus,CYP,Asie
2023,79.0,0.6801,Cyprus,CYP,Asie
2016,60.0,0.6619,Peru,PER,Amerika
2017,75.0,0.6624,Peru,PER,Amerika
2018,48.0,0.6959,Peru,PER,Amerika
2019,44.0,0.7024,Peru,PER,Amerika
2020,60.0,0.6895,Peru,PER,Amerika
2021,73.0,0.6796,Peru,PER,Amerika
2022,78.0,0.6742,Peru,PER,Amerika
2023,80.0,0.6787,Peru,PER,Amerika
2016,69.0,0.654,Greece,GRC,Evropa
2017,72.0,0.6648,Greece,GRC,Evropa
2018,75.0,0.6727,Greece,GRC,Evropa
2019,85.0,0.6662,Greece,GRC,Evropa
2020,58.0,0.6908,Greece,GRC,Evropa
2021,56.0,0.6916,Greece,GRC,Evropa
2022,82.0,0.6716,Greece,GRC,Evropa
2023,81.0,0.6782,Greece,GRC,Evropa
2016,74.0,0.6483,Honduras,HND,Amerika
2017,68.0,0.6661,Honduras,HND,Amerika
2018,47.0,0.696,Honduras,HND,Amerika
2019,62.0,0.6893,Honduras,HND,Amerika
2020,54.0,0.6927,Honduras,HND,Amerika
2021,54.0,0.6945,Honduras,HND,Amerika
2022,74.0,0.6763,Honduras,HND,Amerika
2023,82.0,0.6773,Honduras,HND,Amerika
2016,53.0,0.6712,Czech Republic,CZE,Evropa
2017,64.0,0.6718,Czech Republic,CZE,Evropa
2018,69.0,0.677,Czech Republic,CZE,Evropa
2019,74.0,0.6789,Czech Republic,CZE,Evropa
2020,65.0,0.685,Czech Republic,CZE,Evropa
2021,75.0,0.6789,Czech Republic,CZE,Evropa
2022,73.0,0.6767,Czech Republic,CZE,Evropa
2023,83.0,0.677,Czech Republic,CZE,Evropa
2016,71.0,0.6518,Malta,MLT,Evropa
2017,76.0,0.6615,Malta,MLT,Evropa
2018,83.0,0.6634,Malta,MLT,Evropa
2019,88.0,0.6635,Malta,MLT,Evropa
2020,83.0,0.6695,Malta,MLT,Evropa
2021,83.0,0.6658,Malta,MLT,Evropa
2022,88.0,0.6666,Malta,MLT,Evropa
2023,84.0,0.6761,Malta,MLT,Evropa
2016,34.0,0.6897,Botswana,BWA,Afrika
2017,53.0,0.6797,Botswana,BWA,Afrika
2018,63.0,0.6839,Botswana,BWA,Afrika
2019,39.0,0.7071,Botswana,BWA,Afrika
2020,62.0,0.6876,Botswana,BWA,Afrika
2021,66.0,0.6832,Botswana,BWA,Afrika
2022,77.0,0.6744,Botswana,BWA,Afrika
2023,85.0,0.6752,Botswana,BWA,Afrika
2016,54.0,0.67,Georgia,GEO,Asie
2017,67.0,0.6665,Georgia,GEO,Asie
2018,82.0,0.6654,Georgia,GEO,Asie
2019,83.0,0.668,Georgia,GEO,Asie
2020,88.0,0.6598,Georgia,GEO,Asie
2021,86.0,0.6624,Georgia,GEO,Asie
2022,85.0,0.6691,Georgia,GEO,Asie
2023,86.0,0.675,Georgia,GEO,Asie
2016,55.0,0.6698,Hungary,HUN,Evropa
2017,61.0,0.6731,Hungary,HUN,Evropa
2018,60.0,0.6867,Hungary,HUN,Evropa
2019,65.0,0.6879,Hungary,HUN,Evropa
2020,79.0,0.672,Hungary,HUN,Evropa
2021,85.0,0.6642,Hungary,HUN,Evropa
2022,81.0,0.6718,Hungary,HUN,Evropa
2023,87.0,0.6742,Hungary,HUN,Evropa
2016,,,Brunei Darussalam,BRN,Asie
2017,,,Brunei Darussalam,BRN,Asie
2018,99.0,0.6392,Brunei Darussalam,BRN,Asie
2019,94.0,0.6524,Brunei Darussalam,BRN,Asie
2020,77.0,0.6748,Brunei Darussalam,BRN,Asie
2021,76.0,0.6787,Brunei Darussalam,BRN,Asie
2022,75.0,0.675,Brunei Darussalam,BRN,Asie
2023,88.0,0.673,Brunei Darussalam,BRN,Asie
2016,64.0,0.6556,Paraguay,PRY,Amerika
2017,69.0,0.6659,Paraguay,PRY,Amerika
2018,100.0,0.6379,Paraguay,PRY,Amerika
2019,66.0,0.6868,Paraguay,PRY,Amerika
2020,69.0,0.6804,Paraguay,PRY,Amerika
2021,67.0,0.6818,Paraguay,PRY,Amerika
2022,83.0,0.6714,Paraguay,PRY,Amerika
2023,89.0,0.6724,Paraguay,PRY,Amerika
2016,,0.6578,Tajikistan,TJK,Asie
2017,79.0,0.6578,Tajikistan,TJK,Asie
2018,89.0,0.6541,Tajikistan,TJK,Asie
2019,86.0,0.6661,Tajikistan,TJK,Asie
2020,89.0,0.6598,Tajikistan,TJK,Asie
2021,96.0,0.6526,Tajikistan,TJK,Asie
2022,96.0,0.6608,Tajikistan,TJK,Asie
2023,90.0,0.6682,Tajikistan,TJK,Asie
2016,78.0,0.6455,Chile,CHL,Amerika
2017,86.0,0.6482,Chile,CHL,Amerika
2018,65.0,0.6818,Chile,CHL,Amerika
2019,64.0,0.6884,Chile,CHL,Amerika
2020,48.0,0.7013,Chile,CHL,Amerika
2021,46.0,0.703,Chile,CHL,Amerika
2022,87.0,0.6676,Chile,CHL,Amerika
2023,91.0,0.667,Chile,CHL,Amerika
2016,,,Angola*,AGO,Afrika
2017,,,Angola*,AGO,Afrika
2018,,,Angola*,AGO,Afrika
2019,,,Angola*,AGO,Afrika
2020,,,Angola*,AGO,Afrika
2021,,,Angola*,AGO,Afrika
2022,,,Angola*,AGO,Afrika
2023,92.0,0.6659,Angola*,AGO,Afrika
2016,,,Bhutan*,BTN,Asie
2017,,,Bhutan*,BTN,Asie
2018,,,Bhutan*,BTN,Asie
2019,,,Bhutan*,BTN,Asie
2020,,,Bhutan*,BTN,Asie
2021,,,Bhutan*,BTN,Asie
2022,,,Bhutan*,BTN,Asie
2023,93.0,0.6651,Bhutan*,BTN,Asie
2016,,0.6651,Armenia,ARM,Asie
2017,71.0,0.6651,Armenia,ARM,Asie
2018,78.0,0.6677,Armenia,ARM,Asie
2019,90.0,0.6619,Armenia,ARM,Asie
2020,84.0,0.6669,Armenia,ARM,Asie
2021,84.0,0.6654,Armenia,ARM,Asie
2022,92.0,0.6636,Armenia,ARM,Asie
2023,94.0,0.6634,Armenia,ARM,Asie
2016,68.0,0.6541,Indonesia,IDN,Asie
2017,81.0,0.655,Indonesia,IDN,Asie
2018,93.0,0.6473,Indonesia,IDN,Asie
2019,92.0,0.658,Indonesia,IDN,Asie
2020,87.0,0.6615,Indonesia,IDN,Asie
2021,90.0,0.6594,Indonesia,IDN,Asie
2022,97.0,0.6591,Indonesia,IDN,Asie
2023,95.0,0.6613,Indonesia,IDN,Asie
2016,39.0,0.6837,El Salvador,SLV,Amerika
2017,48.0,0.6853,El Salvador,SLV,Amerika
2018,58.0,0.6875,El Salvador,SLV,Amerika
2019,55.0,0.6939,El Salvador,SLV,Amerika
2020,90.0,0.6596,El Salvador,SLV,Amerika
2021,94.0,0.6567,El Salvador,SLV,Amerika
2022,94.0,0.663,El Salvador,SLV,Amerika
2023,96.0,0.6609,El Salvador,SLV,Amerika
2016,,0.635,Maldives,MDV,Asie
2017,99.0,0.635,Maldives,MDV,Asie
2018,91.0,0.6501,Maldives,MDV,Asie
2019,99.0,0.6482,Maldives,MDV,Asie
2020,99.0,0.6452,Maldives,MDV,Asie
2021,101.0,0.648,Maldives,MDV,Asie
2022,95.0,0.6616,Maldives,MDV,Asie
2023,97.0,0.6604,Maldives,MDV,Asie
2016,88.0,0.6328,Mauritius,MUS,Afrika
2017,85.0,0.6487,Mauritius,MUS,Afrika
2018,95.0,0.6466,Mauritius,MUS,Afrika
2019,96.0,0.6513,Mauritius,MUS,Afrika
2020,95.0,0.652,Mauritius,MUS,Afrika
2021,95.0,0.6529,Mauritius,MUS,Afrika
2022,98.0,0.6547,Mauritius,MUS,Afrika
2023,98.0,0.6599,Mauritius,MUS,Afrika
2016,,0.6781,Azerbaijan,AZE,Asie
2017,59.0,0.6781,Azerbaijan,AZE,Asie
2018,61.0,0.6856,Azerbaijan,AZE,Asie
2019,89.0,0.6626,Azerbaijan,AZE,Asie
2020,100.0,0.6446,Azerbaijan,AZE,Asie
2021,91.0,0.6577,Azerbaijan,AZE,Asie
2022,99.0,0.6546,Azerbaijan,AZE,Asie
2023,99.0,0.6582,Azerbaijan,AZE,Asie
2016,103.0,0.5865,Cameroon,CMR,Afrika
2017,116.0,0.5919,Cameroon,CMR,Afrika
2018,117.0,0.6017,Cameroon,CMR,Afrika
2019,118.0,0.6108,Cameroon,CMR,Afrika
2020,114.0,0.611,Cameroon,CMR,Afrika
2021,119.0,0.6073,Cameroon,CMR,Afrika
2022,112.0,0.6291,Cameroon,CMR,Afrika
2023,100.0,0.656,Cameroon,CMR,Afrika
2016,98.0,0.6011,India,IND,Asie
2017,114.0,0.5936,India,IND,Asie
2018,113.0,0.606,India,IND,Asie
2019,114.0,0.6151,India,IND,Asie
2020,112.0,0.6155,India,IND,Asie
2021,113.0,0.619,India,IND,Asie
2022,105.0,0.6442,India,IND,Asie
2023,101.0,0.6551,India,IND,Asie
2016,72.0,0.6509,Malaysia,MYS,Asie
2017,92.0,0.6444,Malaysia,MYS,Asie
2018,96.0,0.6442,Malaysia,MYS,Asie
2019,100.0,0.6467,Malaysia,MYS,Asie
2020,98.0,0.6479,Malaysia,MYS,Asie
2021,97.0,0.6525,Malaysia,MYS,Asie
2022,100.0,0.6539,Malaysia,MYS,Asie
2023,102.0,0.6518,Malaysia,MYS,Asie
2016,104.0,0.5854,Burkina Faso,BFA,Afrika
2017,117.0,0.5912,Burkina Faso,BFA,Afrika
2018,115.0,0.6029,Burkina Faso,BFA,Afrika
2019,120.0,0.6081,Burkina Faso,BFA,Afrika
2020,111.0,0.6162,Burkina Faso,BFA,Afrika
2021,115.0,0.6153,Burkina Faso,BFA,Afrika
2022,104.0,0.6455,Burkina Faso,BFA,Afrika
2023,103.0,0.6513,Burkina Faso,BFA,Afrika
2016,89.0,0.6291,Cambodia,KHM,Asie
2017,98.0,0.6353,Cambodia,KHM,Asie
2018,94.0,0.6469,Cambodia,KHM,Asie
2019,104.0,0.641,Cambodia,KHM,Asie
2020,97.0,0.6482,Cambodia,KHM,Asie
2021,102.0,0.6464,Cambodia,KHM,Asie
2022,103.0,0.6457,Cambodia,KHM,Asie
2023,104.0,0.6509,Cambodia,KHM,Asie
2016,80.0,0.6447,Japan,JPN,Asie
2017,91.0,0.6455,Japan,JPN,Asie
2018,98.0,0.6434,Japan,JPN,Asie
2019,101.0,0.6447,Japan,JPN,Asie
2020,94.0,0.6524,Japan,JPN,Asie
2021,98.0,0.6514,Japan,JPN,Asie
2022,101.0,0.653,Japan,JPN,Asie
2023,105.0,0.6498,Japan,JPN,Asie
2016,94.0,0.6104,Nigeria,NGA,Afrika
2017,107.0,0.6122,Nigeria,NGA,Afrika
2018,102.0,0.6339,Nigeria,NGA,Afrika
2019,108.0,0.628,Nigeria,NGA,Afrika
2020,118.0,0.6055,Nigeria,NGA,Afrika
2021,120.0,0.6011,Nigeria,NGA,Afrika
2022,110.0,0.6315,Nigeria,NGA,Afrika
2023,106.0,0.6469,Nigeria,NGA,Afrika
2016,,0.6426,Belize,BLZ,Amerika
2017,94.0,0.6426,Belize,BLZ,Amerika
2018,86.0,0.661,Belize,BLZ,Amerika
2019,87.0,0.6636,Belize,BLZ,Amerika
2020,93.0,0.6536,Belize,BLZ,Amerika
2021,100.0,0.6489,Belize,BLZ,Amerika
2022,102.0,0.6465,Belize,BLZ,Amerika
2023,107.0,0.6449,Belize,BLZ,Amerika
2016,61.0,0.6607,Albania,ALB,Evropa
2017,66.0,0.6685,Albania,ALB,Evropa
2018,87.0,0.6591,Albania,ALB,Evropa
2019,91.0,0.6601,Albania,ALB,Evropa
2020,78.0,0.6726,Albania,ALB,Evropa
2021,78.0,0.6748,Albania,ALB,Evropa
2022,91.0,0.6655,Albania,ALB,Evropa
2023,108.0,0.6412,Albania,ALB,Evropa
2016,101.0,0.5919,United Arab Emirates,ARE,Asie
2017,105.0,0.6184,United Arab Emirates,ARE,Asie
2018,105.0,0.622,United Arab Emirates,ARE,Asie
2019,112.0,0.6198,United Arab Emirates,ARE,Asie
2020,103.0,0.6397,United Arab Emirates,ARE,Asie
2021,103.0,0.6454,United Arab Emirates,ARE,Asie
2022,107.0,0.6392,United Arab Emirates,ARE,Asie
2023,109.0,0.6372,United Arab Emirates,ARE,Asie
2016,,0.6794,Suriname,SUR,Amerika
2017,56.0,0.6794,Suriname,SUR,Amerika
2018,79.0,0.6674,Suriname,SUR,Amerika
2019,78.0,0.6726,Suriname,SUR,Amerika
2020,102.0,0.6407,Suriname,SUR,Amerika
2021,104.0,0.6395,Suriname,SUR,Amerika
2022,106.0,0.6409,Suriname,SUR,Amerika
2023,110.0,0.6369,Suriname,SUR,Amerika
2016,92.0,0.6157,"Korea, Rep.",KOR,Asie
2017,97.0,0.6409,"Korea, Rep.",KOR,Asie
2018,108.0,0.6154,"Korea, Rep.",KOR,Asie
2019,115.0,0.6146,"Korea, Rep.",KOR,Asie
2020,104.0,0.6342,"Korea, Rep.",KOR,Asie
2021,107.0,0.6281,"Korea, Rep.",KOR,Asie
2022,108.0,0.6356,"Korea, Rep.",KOR,Asie
2023,111.0,0.6351,"Korea, Rep.",KOR,Asie
2016,102.0,0.5894,Bahrain,BHR,Asie
2017,115.0,0.5931,Bahrain,BHR,Asie
2018,121.0,0.5927,Bahrain,BHR,Asie
2019,116.0,0.6136,Bahrain,BHR,Asie
2020,110.0,0.6217,Bahrain,BHR,Asie
2021,110.0,0.6232,Bahrain,BHR,Asie
2022,111.0,0.6298,Bahrain,BHR,Asie
2023,112.0,0.6334,Bahrain,BHR,Asie
2016,85.0,0.636,Zambia,ZMB,Afrika
2017,101.0,0.6288,Zambia,ZMB,Afrika
2018,106.0,0.6205,Zambia,ZMB,Afrika
2019,107.0,0.631,Zambia,ZMB,Afrika
2020,106.0,0.6293,Zambia,ZMB,Afrika
2021,106.0,0.63,Zambia,ZMB,Afrika
2022,114.0,0.6279,Zambia,ZMB,Afrika
2023,113.0,0.6312,Zambia,ZMB,Afrika
2016,95.0,0.6067,Guatemala,GTM,Amerika
2017,106.0,0.6144,Guatemala,GTM,Amerika
2018,112.0,0.6072,Guatemala,GTM,Amerika
2019,111.0,0.6209,Guatemala,GTM,Amerika
2020,109.0,0.6238,Guatemala,GTM,Amerika
2021,112.0,0.6229,Guatemala,GTM,Amerika
2022,116.0,0.626,Guatemala,GTM,Amerika
2023,114.0,0.6304,Guatemala,GTM,Amerika
2016,,0.6041,Qatar,QAT,Asie
2017,109.0,0.6041,Qatar,QAT,Asie
2018,119.0,0.5948,Qatar,QAT,Asie
2019,125.0,0.5907,Qatar,QAT,Asie
2020,117.0,0.6059,Qatar,QAT,Asie
2021,111.0,0.623,Qatar,QAT,Asie
2022,115.0,0.6264,Qatar,QAT,Asie
2023,115.0,0.6299,Qatar,QAT,Asie
2016,86.0,0.6341,Kuwait,KWT,Asie
2017,96.0,0.6409,Kuwait,KWT,Asie
2018,101.0,0.6358,Kuwait,KWT,Asie
2019,105.0,0.6356,Kuwait,KWT,Asie
2020,105.0,0.6318,Kuwait,KWT,Asie
2021,105.0,0.6322,Kuwait,KWT,Asie
2022,109.0,0.632,Kuwait,KWT,Asie
2023,116.0,0.6292,Kuwait,KWT,Asie
2016,,,Fiji,FJI,Oceánie
2017,,,Fiji,FJI,Oceánie
2018,,,Fiji,FJI,Oceánie
2019,103.0,0.6414,Fiji,FJI,Oceánie
2020,108.0,0.6256,Fiji,FJI,Oceánie
2021,109.0,0.6255,Fiji,FJI,Oceánie
2022,113.0,0.6285,Fiji,FJI,Oceánie
2023,117.0,0.6286,Fiji,FJI,Oceánie
2016,100.0,0.5946,Ethiopia,ETH,Afrika
2017,113.0,0.5991,Ethiopia,ETH,Afrika
2018,122.0,0.5867,Ethiopia,ETH,Afrika
2019,122.0,0.5948,Ethiopia,ETH,Afrika
2020,121.0,0.6019,Ethiopia,ETH,Afrika
2021,116.0,0.6136,Ethiopia,ETH,Afrika
2022,118.0,0.62,Ethiopia,ETH,Afrika
2023,118.0,0.6198,Ethiopia,ETH,Afrika
2016,93.0,0.6109,Jordan,JOR,Asie
2017,104.0,0.6203,Jordan,JOR,Asie
2018,104.0,0.6275,Jordan,JOR,Asie
2019,113.0,0.6182,Jordan,JOR,Asie
2020,120.0,0.6048,Jordan,JOR,Asie
2021,117.0,0.6117,Jordan,JOR,Asie
2022,121.0,0.6103,Jordan,JOR,Asie
2023,119.0,0.6093,Jordan,JOR,Asie
2016,105.0,0.585,Turkey,TUR,Asie
2017,121.0,0.5768,Turkey,TUR,Asie
2018,123.0,0.5853,Turkey,TUR,Asie
2019,129.0,0.5828,Turkey,TUR,Asie
2020,126.0,0.5876,Turkey,TUR,Asie
2021,122.0,0.5954,Turkey,TUR,Asie
2022,124.0,0.6015,Turkey,TUR,Asie
2023,120.0,0.6081,Turkey,TUR,Asie
2016,111.0,0.5478,Nepal,NPL,Asie
2017,125.0,0.5575,Nepal,NPL,Asie
2018,120.0,0.5942,Nepal,NPL,Asie
2019,110.0,0.6213,Nepal,NPL,Asie
2020,115.0,0.6084,Nepal,NPL,Asie
2021,126.0,0.5888,Nepal,NPL,Asie
2022,123.0,0.6026,Nepal,NPL,Asie
2023,121.0,0.6053,Nepal,NPL,Asie
2016,,0.5903,Oman,OMN,Asie
2017,119.0,0.5903,Oman,OMN,Asie
2018,118.0,0.596,Oman,OMN,Asie
2019,123.0,0.5938,Oman,OMN,Asie
2020,122.0,0.595,Oman,OMN,Asie
2021,127.0,0.5873,Oman,OMN,Asie
2022,125.0,0.5986,Oman,OMN,Asie
2023,122.0,0.6053,Oman,OMN,Asie
2016,,,Lebanon,LBN,Asie
2017,,,Lebanon,LBN,Asie
2018,,,Lebanon,LBN,Asie
2019,,,Lebanon,LBN,Asie
2020,116.0,0.6084,Lebanon,LBN,Asie
2021,118.0,0.6083,Lebanon,LBN,Asie
2022,122.0,0.603,Lebanon,LBN,Asie
2023,123.0,0.6028,Lebanon,LBN,Asie
2016,97.0,0.6018,Algeria,DZA,Afrika
2017,108.0,0.6068,Algeria,DZA,Afrika
2018,111.0,0.6111,Algeria,DZA,Afrika
2019,117.0,0.6119,Algeria,DZA,Afrika
2020,119.0,0.6052,Algeria,DZA,Afrika
2021,121.0,0.5991,Algeria,DZA,Afrika
2022,120.0,0.6112,Algeria,DZA,Afrika
2023,124.0,0.5966,Algeria,DZA,Afrika
2016,109.0,0.5786,Egypt,EGY,Afrika
2017,120.0,0.5809,Egypt,EGY,Afrika
2018,124.0,0.5832,Egypt,EGY,Afrika
2019,126.0,0.5862,Egypt,EGY,Afrika
2020,125.0,0.5899,Egypt,EGY,Afrika
2021,123.0,0.5933,Egypt,EGY,Afrika
2022,126.0,0.5975,Egypt,EGY,Afrika
2023,125.0,0.5935,Egypt,EGY,Afrika
2016,110.0,0.578,Benin,BEN,Afrika
2017,123.0,0.5656,Benin,BEN,Afrika
2018,126.0,0.5582,Benin,BEN,Afrika
2019,131.0,0.5643,Benin,BEN,Afrika
2020,128.0,0.5719,Benin,BEN,Afrika
2021,128.0,0.5832,Benin,BEN,Afrika
2022,117.0,0.6258,Benin,BEN,Afrika
2023,126.0,0.5885,Benin,BEN,Afrika
2016,114.0,0.5242,Saudi Arabia,SAU,Asie
2017,124.0,0.5647,Saudi Arabia,SAU,Asie
2018,128.0,0.5537,Saudi Arabia,SAU,Asie
2019,130.0,0.5651,Saudi Arabia,SAU,Asie
2020,129.0,0.5713,Saudi Arabia,SAU,Asie
2021,131.0,0.5753,Saudi Arabia,SAU,Asie
2022,131.0,0.5731,Saudi Arabia,SAU,Asie
2023,127.0,0.5879,Saudi Arabia,SAU,Asie
2016,99.0,0.5996,Mali,MLI,Afrika
2017,112.0,0.6019,Mali,MLI,Afrika
2018,109.0,0.6117,Mali,MLI,Afrika
2019,127.0,0.586,Mali,MLI,Afrika
2020,131.0,0.568,Mali,MLI,Afrika
2021,132.0,0.5752,Mali,MLI,Afrika
2022,128.0,0.5842,Mali,MLI,Afrika
2023,128.0,0.5872,Mali,MLI,Afrika
2016,107.0,0.5827,Morocco,MAR,Afrika
2017,122.0,0.5676,Morocco,MAR,Afrika
2018,125.0,0.5757,Morocco,MAR,Afrika
2019,124.0,0.5926,Morocco,MAR,Afrika
2020,127.0,0.5767,Morocco,MAR,Afrika
2021,129.0,0.5804,Morocco,MAR,Afrika
2022,129.0,0.5833,Morocco,MAR,Afrika
2023,129.0,0.5845,Morocco,MAR,Afrika
2016,108.0,0.5803,"Iran, Islamic Rep.",IRN,Asie
2017,118.0,0.5903,"Iran, Islamic Rep.",IRN,Asie
2018,116.0,0.6021,"Iran, Islamic Rep.",IRN,Asie
2019,128.0,0.5839,"Iran, Islamic Rep.",IRN,Asie
2020,123.0,0.5933,"Iran, Islamic Rep.",IRN,Asie
2021,125.0,0.5894,"Iran, Islamic Rep.",IRN,Asie
2022,127.0,0.5927,"Iran, Islamic Rep.",IRN,Asie
2023,130.0,0.5842,"Iran, Islamic Rep.",IRN,Asie
2016,,,C»te d'Ivoire,CIV,Afrika
2017,,,C»te d'Ivoire,CIV,Afrika
2018,,,C»te d'Ivoire,CIV,Afrika
2019,,,C»te d'Ivoire,CIV,Afrika
2020,130.0,0.5691,C»te d'Ivoire,CIV,Afrika
2021,130.0,0.5773,C»te d'Ivoire,CIV,Afrika
2022,130.0,0.5785,C»te d'Ivoire,CIV,Afrika
2023,131.0,0.5814,C»te d'Ivoire,CIV,Afrika
2016,106.0,0.5835,Mauritania,MRT,Afrika
2017,111.0,0.6022,Mauritania,MRT,Afrika
2018,110.0,0.6117,Mauritania,MRT,Afrika
2019,119.0,0.6103,Mauritania,MRT,Afrika
2020,113.0,0.6152,Mauritania,MRT,Afrika
2021,114.0,0.6164,Mauritania,MRT,Afrika
2022,119.0,0.6129,Mauritania,MRT,Afrika
2023,132.0,0.581,Mauritania,MRT,Afrika
2016,,0.6216,Syria,SYR,Asie
2017,103.0,0.6216,Syria,SYR,Asie
2018,107.0,0.6181,Syria,SYR,Asie
2019,121.0,0.6072,Syria,SYR,Asie
2020,124.0,0.5926,Syria,SYR,Asie
2021,124.0,0.5896,Syria,SYR,Asie
2022,132.0,0.5626,Syria,SYR,Asie
2023,133.0,0.5661,Syria,SYR,Asie
2016,113.0,0.5247,Chad,TCD,Afrika
2017,127.0,0.5381,Chad,TCD,Afrika
2018,129.0,0.529,Chad,TCD,Afrika
2019,133.0,0.5417,Chad,TCD,Afrika
2020,133.0,0.533,Chad,TCD,Afrika
2021,134.0,0.5334,Chad,TCD,Afrika
2022,133.0,0.5594,Chad,TCD,Afrika
2023,134.0,0.5588,Chad,TCD,Afrika
2016,112.0,0.5434,Pakistan,PAK,Asie
2017,126.0,0.5509,Pakistan,PAK,Asie
2018,127.0,0.5549,Pakistan,PAK,Asie
2019,132.0,0.5458,Pakistan,PAK,Asie
2020,132.0,0.5465,Pakistan,PAK,Asie
2021,133.0,0.5583,Pakistan,PAK,Asie
2022,134.0,0.5478,Pakistan,PAK,Asie
2023,135.0,0.5459,Pakistan,PAK,Asie
2016,115.0,0.4595,Yemen,YEM,Asie
2017,128.0,0.451,Yemen,YEM,Asie
2018,130.0,0.4664,Yemen,YEM,Asie
2019,134.0,0.4609,Yemen,YEM,Asie
2020,134.0,0.4603,Yemen,YEM,Asie
2021,135.0,0.4873,Yemen,YEM,Asie
2022,135.0,0.5054,Yemen,YEM,Asie
2023,136.0,0.5128,Yemen,YEM,Asie
